{
  "eda_stats": {
    "total_flights": 41648,
    "high_risk_percentage": 15.6,
    "avg_complexity": 2015.0009,
    "correlations": {
      "YEAR": 1.0,
      "SPEED_INTER_HRS": 0.0271,
      "HORIZ_INTER_HRS": 0.0248,
      "CPLX_INTER": 0.018,
      "VERTICAL_INTER_HRS": 0.0153,
      "CPLX_FLIGHT_HRS": 0.0127
    }
  },
  "training_metrics": {
    "epochs": [
      1,
      2,
      3,
      4,
      5,
      6,
      7,
      8,
      9,
      10,
      11,
      12,
      13,
      14,
      15,
      16,
      17,
      18,
      19,
      20,
      21,
      22,
      23,
      24,
      25,
      26,
      27,
      28,
      29,
      30,
      31,
      32,
      33,
      34,
      35,
      36,
      37,
      38,
      39,
      40,
      41,
      42,
      43,
      44,
      45,
      46,
      47,
      48,
      49,
      50,
      51,
      52,
      53,
      54,
      55,
      56,
      57,
      58,
      59,
      60,
      61,
      62,
      63,
      64,
      65,
      66,
      67,
      68,
      69,
      70,
      71,
      72,
      73,
      74,
      75,
      76,
      77,
      78,
      79,
      80,
      81,
      82,
      83,
      84,
      85,
      86,
      87,
      88,
      89,
      90,
      91,
      92,
      93,
      94,
      95,
      96,
      97,
      98,
      99,
      100
    ],
    "loss": [
      0.69325,
      0.69103,
      0.6892,
      0.68781,
      0.68554,
      0.68327,
      0.68191,
      0.68014,
      0.67776,
      0.67588,
      0.67349,
      0.67111,
      0.66908,
      0.66597,
      0.66296,
      0.66052,
      0.65787,
      0.65587,
      0.65327,
      0.65041,
      0.64899,
      0.64673,
      0.64461,
      0.64174,
      0.63932,
      0.63722,
      0.6345,
      0.63253,
      0.63008,
      0.62778,
      0.62533,
      0.62411,
      0.62195,
      0.61927,
      0.61753,
      0.61477,
      0.61272,
      0.60959,
      0.60677,
      0.60472,
      0.60294,
      0.60087,
      0.59866,
      0.59636,
      0.59347,
      0.59096,
      0.58857,
      0.58695,
      0.58497,
      0.58194,
      0.57995,
      0.57761,
      0.57512,
      0.57327,
      0.57163,
      0.56995,
      0.56738,
      0.56507,
      0.56308,
      0.56142,
      0.55903,
      0.55679,
      0.55408,
      0.55133,
      0.54959,
      0.54811,
      0.54593,
      0.54428,
      0.5423,
      0.53983,
      0.53786,
      0.53648,
      0.53431,
      0.53294,
      0.52948,
      0.52774,
      0.52563,
      0.52333,
      0.52122,
      0.51808,
      0.51582,
      0.51384,
      0.51243,
      0.51002,
      0.50746,
      0.50506,
      0.50337,
      0.50138,
      0.49896,
      0.49707,
      0.49497,
      0.4933,
      0.4908,
      0.48848,
      0.48613,
      0.48325,
      0.48125,
      0.47923,
      0.47708,
      0.47481
    ]
  },
  "prediction_distribution": {
    "bins": [
      0.0,
      0.04,
      0.09,
      0.13,
      0.17,
      0.22,
      0.26,
      0.3,
      0.35,
      0.39,
      0.43,
      0.48,
      0.52,
      0.57,
      0.61,
      0.65,
      0.7,
      0.74,
      0.78,
      0.83,
      0.87,
      0.91,
      0.96
    ],
    "non_high_risk": [
      0.3974,
      0.1106,
      0.5182,
      1.2184,
      0.1873,
      0.1873,
      1.2634,
      0.6139,
      0.3756,
      0.434,
      0.3707,
      0.3726,
      0.1936,
      1.5306,
      1.3799,
      0.4498,
      0.8103,
      0.2514,
      0.7264,
      1.1298,
      1.1725,
      0.1806,
      0.054
    ],
    "high_risk": [
      0.7124,
      0.2722,
      0.0555,
      0.5755,
      0.1878,
      0.3003,
      0.1458,
      0.3009,
      0.9261,
      0.0067,
      0.5289,
      0.4113,
      0.6104,
      0.1044,
      0.9798,
      0.6641,
      0.0984,
      0.3692,
      0.0857,
      0.0578,
      0.1506,
      0.7393,
      0.3599
    ]
  },
  "model_metrics": {
    "precision": 0.508,
    "recall": 0.253,
    "f1_score": 0.336,
    "test_samples": 0
  },
  "plot_gallery": {
    "training": [
      "assets/ATC_executed_cell_6_0.png",
      "assets/ATC_executed_cell_7_1.png",
      "assets/ATC_executed_cell_10_2.png",
      "assets/ATC_executed_cell_10_3.png"
    ],
    "inference": [
      "assets/ONNX_2_run_cell_3_0.png",
      "assets/ONNX_2_run_cell_4_1.png",
      "assets/ONNX_2_run_cell_7_3.png",
      "assets/ONNX_2_run_cell_8_4.png"
    ]
  }
}